{
  "protoPayload": {
    "@type": "type.googleapis.com/google.cloud.audit.AuditLog",
    "authenticationInfo": {
      "principalEmail": "chenzeming@ftl-cloud.com"
    },
    "requestMetadata": {
      "callerIp": "18.163.77.27",
      "callerSuppliedUserAgent": "Mozilla/5.0 (Windows NT 10.0; Win64; x64) AppleWebKit/537.36 (KHTML, like Gecko) Chrome/125.0.0.0 Safari/537.36,gzip(gfe),gzip(gfe)",
      "requestAttributes": {
        "time": "2024-06-03T01:52:59.085355025Z",
        "reason": "8uSywAYQGg5Db2xpc2V1bSBGbG93cw",
        "auth": {}
      },
      "destinationAttributes": {}
    },
    "serviceName": "container.googleapis.com",
    "methodName": "google.container.v1beta1.ClusterManager.CreateCluster",
    "authorizationInfo": [
      {
        "resource": "projects/testftl-5-7/zones/us-central1-c/clusters/cluster-1-czm",
        "permission": "container.clusters.create",
        "granted": true,
        "resourceAttributes": {
          "service": "container.googleapis.com",
          "name": "projects/testftl-5-7/zones/us-central1-c/clusters/cluster-1-czm",
          "type": "container.googleapis.com/Cluster"
        },
        "permissionType": "ADMIN_WRITE"
      }
    ],
    "resourceName": "projects/testftl-5-7/zones/us-central1-c/clusters/cluster-1-czm",
    "request": {
      "cluster": {
        "networkPolicy": {},
        "databaseEncryption": {},
        "ipAllocationPolicy": {
          "useIpAliases": true,
          "stackType": "IPV4"
        },
        "initialClusterVersion": "1.28.9-gke.1000000",
        "networkConfig": {
          "datapathProvider": "LEGACY_DATAPATH"
        },
        "location": "us-central1-c",
        "shieldedNodes": {},
        "network": "projects/testftl-5-7/global/networks/default",
        "notificationConfig": {},
        "locations": [
          "us-central1-c"
        ],
        "masterAuthorizedNetworksConfig": {},
        "nodePools": [
          {
            "name": "default-pool",
            "config": {
              "imageType": "COS_CONTAINERD",
              "diskType": "pd-balanced",
              "shieldedInstanceConfig": {},
              "advancedMachineFeatures": {
                "enableNestedVirtualization": false
              },
              "machineType": "e2-small",
              "diskSizeGb": 30,
              "oauthScopes": [
                "https://www.googleapis.com/auth/devstorage.read_only",
                "https://www.googleapis.com/auth/logging.write",
                "https://www.googleapis.com/auth/monitoring",
                "https://www.googleapis.com/auth/servicecontrol",
                "https://www.googleapis.com/auth/service.management.readonly",
                "https://www.googleapis.com/auth/trace.append"
              ],
              "metadata": {
                "disable-legacy-endpoints": "true"
              }
            },
            "initialNodeCount": 2,
            "autoscaling": {},
            "management": {
              "autoUpgrade": true,
              "autoRepair": true
            },
            "networkConfig": {},
            "upgradeSettings": {
              "strategy": "SURGE",
              "maxSurge": 1
            },
            "queuedProvisioning": {}
          }
        ],
        "defaultMaxPodsConstraint": {},
        "subnetwork": "projects/testftl-5-7/regions/us-central1/subnetworks/default",
        "loggingConfig": {
          "componentConfig": {
            "enableComponents": [
              "SYSTEM_COMPONENTS",
              "WORKLOADS"
            ]
          }
        },
        "binaryAuthorization": {
          "evaluationMode": "DISABLED"
        },
        "authenticatorGroupsConfig": {},
        "securityPostureConfig": {},
        "releaseChannel": {
          "channel": "REGULAR"
        },
        "monitoringConfig": {
          "componentConfig": {
            "enableComponents": [
              "SYSTEM_COMPONENTS"
            ]
          },
          "managedPrometheusConfig": {
            "enabled": true
          }
        },
        "name": "cluster-1-czm",
        "addonsConfig": {
          "httpLoadBalancing": {},
          "horizontalPodAutoscaling": {},
          "dnsCacheConfig": {},
          "gcePersistentDiskCsiDriverConfig": {
            "enabled": true
          },
          "gcsFuseCsiDriverConfig": {}
        },
        "autoscaling": {}
      },
      "parent": "projects/testftl-5-7/locations/us-central1-c",
      "@type": "type.googleapis.com/google.container.v1alpha1.CreateClusterRequest"
    },
    "response": {
      "status": "RUNNING",
      "selfLink": "https://container.googleapis.com/v1alpha1/projects/389224699132/zones/us-central1-c/operations/operation-1717379581850-64a4f5f8-337d-4a61-b494-4f951ce5291a",
      "targetLink": "https://container.googleapis.com/v1alpha1/projects/389224699132/zones/us-central1-c/clusters/cluster-1-czm",
      "startTime": "2024-06-03T01:53:01.850260029Z",
      "@type": "type.googleapis.com/google.container.v1alpha1.Operation",
      "name": "operation-1717379581850-64a4f5f8-337d-4a61-b494-4f951ce5291a",
      "operationType": "CREATE_CLUSTER"
    },
    "resourceLocation": {
      "currentLocations": [
        "us-central1-c"
      ]
    },
    "policyViolationInfo": {
      "orgPolicyViolationInfo": {}
    }
  },
  "insertId": "1vzrhprdzsgv",
  "resource": {
    "type": "gke_cluster",
    "labels": {
      "cluster_name": "cluster-1-czm",
      "project_id": "testftl-5-7",
      "location": "us-central1-c"
    }
  },
  "timestamp": "2024-06-03T01:53:01.967867614Z",
  "severity": "NOTICE",
  "logName": "projects/testftl-5-7/logs/cloudaudit.googleapis.com%2Factivity",
  "operation": {
    "id": "operation-1717379581850-64a4f5f8-337d-4a61-b494-4f951ce5291a",
    "producer": "container.googleapis.com",
    "first": true
  },
  "receiveTimestamp": "2024-06-03T01:53:02.336909778Z"
}