{
  "protoPayload": {
    "@type": "type.googleapis.com/google.cloud.audit.AuditLog",
    "status": {},
    "authenticationInfo": {
      "principalEmail": "zouruitao@ftl-cloud.com",
      "principalSubject": "user:zouruitao@ftl-cloud.com"
    },
    "requestMetadata": {
      "callerIp": "54.251.231.143",
      "callerSuppliedUserAgent": "Mozilla/5.0 (Windows NT 10.0; Win64; x64) AppleWebKit/537.36 (KHTML, like Gecko) Chrome/123.0.0.0 Safari/537.36,gzip(gfe)",
      "requestAttributes": {
        "time": "2024-04-12T03:17:35.634491Z",
        "auth": {}
      },
      "destinationAttributes": {}
    },
    "serviceName": "dataproc.googleapis.com",
    "methodName": "google.cloud.dataproc.v1.JobController.SubmitJob",
    "authorizationInfo": [
      {
        "permission": "dataproc.jobs.create",
        "granted": true,
        "resourceAttributes": {},
        "permissionType": "ADMIN_WRITE"
      },
      {
        "permission": "dataproc.clusters.use",
        "granted": true,
        "resourceAttributes": {},
        "permissionType": "ADMIN_WRITE"
      }
    ],
    "resourceName": "projects/testftl-4-6/regions/us-central1/jobs/job-testSpark-ruitao",
    "request": {
      "job": {
        "reference": {
          "jobId": "job-testSpark-ruitao"
        },
        "placement": {
          "clusterName": "cluster-gce-test-dataporc"
        },
        "sparkJob": {
          "mainClass": "org.apache.spark.examples.SparkPi",
          "jarFileUris": [
            "gs://dataproc-staging-us-central1-748418205778-xxggtq6b/spark-examples_2.10-1.1.1.jar"
          ]
        }
      },
      "region": "us-central1",
      "projectId": "testftl-4-6",
      "@type": "type.googleapis.com/google.cloud.dataproc.v1.SubmitJobRequest"
    },
    "response": {
      "reference": {
        "projectId": "testftl-4-6",
        "jobId": "job-testSpark-ruitao"
      },
      "jobUuid": "9b38f53e-81d7-440d-b4d7-e6a4c3706a3c",
      "driverControlFilesUri": "gs://dataproc-staging-us-central1-748418205778-xxggtq6b/google-cloud-dataproc-metainfo/575499ef-a78b-4aae-8086-c1d7ff2be3b4/jobs/job-testSpark-ruitao/",
      "placement": {
        "clusterName": "cluster-gce-test-dataporc",
        "clusterUuid": "575499ef-a78b-4aae-8086-c1d7ff2be3b4"
      },
      "driverOutputResourceUri": "gs://dataproc-staging-us-central1-748418205778-xxggtq6b/google-cloud-dataproc-metainfo/575499ef-a78b-4aae-8086-c1d7ff2be3b4/jobs/job-testSpark-ruitao/driveroutput",
      "sparkJob": {
        "mainClass": "org.apache.spark.examples.SparkPi",
        "jarFileUris": [
          "gs://dataproc-staging-us-central1-748418205778-xxggtq6b/spark-examples_2.10-1.1.1.jar"
        ]
      },
      "status": {
        "state": "PENDING",
        "stateStartTime": "2024-04-12T03:17:35.599209Z"
      },
      "@type": "type.googleapis.com/google.cloud.dataproc.v1.Job"
    },
    "resourceLocation": {
      "currentLocations": [
        "us-central1"
      ]
    }
  },
  "insertId": "45yh38ek661m",
  "resource": {
    "type": "cloud_dataproc_cluster",
    "labels": {
      "cluster_name": "cluster-gce-test-dataporc",
      "region": "us-central1",
      "project_id": "testftl-4-6",
      "cluster_uuid": "575499ef-a78b-4aae-8086-c1d7ff2be3b4"
    }
  },
  "timestamp": "2024-04-12T03:17:35.583560Z",
  "severity": "NOTICE",
  "logName": "projects/testftl-4-6/logs/cloudaudit.googleapis.com%2Factivity",
  "receiveTimestamp": "2024-04-12T03:17:36.182055143Z"
}