{
  "protoPayload": {
    "@type": "type.googleapis.com/google.cloud.audit.AuditLog",
    "status": {},
    "authenticationInfo": {
      "principalEmail": "zouruitao@ftl-cloud.com",
      "principalSubject": "user:zouruitao@ftl-cloud.com"
    },
    "requestMetadata": {
      "callerIp": "57.180.241.185",
      "callerSuppliedUserAgent": "Mozilla/5.0 (Windows NT 10.0; Win64; x64) AppleWebKit/537.36 (KHTML, like Gecko) Chrome/125.0.0.0 Safari/537.36,gzip(gfe),gzip(gfe)",
      "requestAttributes": {
        "time": "2024-06-04T08:32:25.587542988Z",
        "auth": {}
      },
      "destinationAttributes": {}
    },
    "serviceName": "file.googleapis.com",
    "methodName": "google.cloud.filestore.v1beta1.CloudFilestoreManager.CreateInstance",
    "authorizationInfo": [
      {
        "resource": "projects/testftl-4-6/locations/us-central1-a/instances/test-ruitao",
        "permission": "file.instances.create",
        "granted": true,
        "resourceAttributes": {
          "service": "file.googleapis.com",
          "name": "projects/testftl-4-6/locations/us-central1-a/instances/test-ruitao"
        },
        "permissionType": "ADMIN_WRITE"
      }
    ],
    "resourceName": "projects/testftl-4-6/locations/us-central1-a/instances/test-ruitao",
    "request": {
      "instance_id": "test-ruitao",
      "instance": {
        "tier": "BASIC_SSD",
        "file_shares": [
          {
            "capacity_gb": 2560,
            "name": "test"
          }
        ],
        "networks": [
          {
            "network": "gke-network-ruitao",
            "modes": [
              "MODE_IPV4"
            ],
            "reserved_ip_range": ""
          }
        ],
        "description": ""
      },
      "parent": "projects/testftl-4-6/locations/us-central1-a",
      "@type": "type.googleapis.com/google.cloud.filestore.v1beta1.CreateInstanceRequest"
    },
    "response": {
      "@type": "type.googleapis.com/google.longrunning.Operation"
    },
    "resourceLocation": {
      "currentLocations": [
        "us-central1-a"
      ]
    }
  },
  "insertId": "1n3ytmad4v0f",
  "resource": {
    "type": "audited_resource",
    "labels": {
      "project_id": "testftl-4-6",
      "method": "google.cloud.filestore.v1beta1.CloudFilestoreManager.CreateInstance",
      "service": "file.googleapis.com"
    }
  },
  "timestamp": "2024-06-04T08:32:26.101670771Z",
  "severity": "NOTICE",
  "logName": "projects/testftl-4-6/logs/cloudaudit.googleapis.com%2Factivity",
  "operation": {
    "id": "projects/testftl-4-6/locations/us-central1-a/operations/operation-1717489945594-61a0c4a1ccb8a-8875d1b7-18696137",
    "producer": "file.googleapis.com",
    "first": true
  },
  "receiveTimestamp": "2024-06-04T08:32:26.907485718Z"
}