{
  "protoPayload": {
    "@type": "type.googleapis.com/google.cloud.audit.AuditLog",
    "status": {},
    "authenticationInfo": {
      "principalEmail": "zouruitao@ftl-cloud.com",
      "principalSubject": "user:zouruitao@ftl-cloud.com"
    },
    "requestMetadata": {
      "callerIp": "57.180.241.185",
      "callerSuppliedUserAgent": "Mozilla/5.0 (Windows NT 10.0; Win64; x64) AppleWebKit/537.36 (KHTML, like Gecko) Chrome/125.0.0.0 Safari/537.36,gzip(gfe),gzip(gfe)",
      "requestAttributes": {
        "time": "2024-06-05T02:23:37.919359551Z",
        "auth": {}
      },
      "destinationAttributes": {}
    },
    "serviceName": "file.googleapis.com",
    "methodName": "google.cloud.filestore.v1beta1.CloudFilestoreManager.CreateBackup",
    "authorizationInfo": [
      {
        "resource": "projects/testftl-4-6/locations/us-central1/backups/test-bakup-ruitao",
        "permission": "file.backups.create",
        "granted": true,
        "resourceAttributes": {
          "service": "file.googleapis.com",
          "name": "projects/testftl-4-6/locations/us-central1/backups/test-bakup-ruitao"
        },
        "permissionType": "ADMIN_WRITE"
      }
    ],
    "resourceName": "projects/testftl-4-6/locations/us-central1/backups/test-bakup-ruitao",
    "request": {
      "backup": {
        "source_file_share": "test",
        "description": "",
        "source_instance": "projects/testftl-4-6/locations/us-central1-a/instances/test-ruitao"
      },
      "backup_id": "test-bakup-ruitao",
      "@type": "type.googleapis.com/google.cloud.filestore.v1beta1.CreateBackupRequest",
      "parent": "projects/testftl-4-6/locations/us-central1"
    },
    "response": {
      "@type": "type.googleapis.com/google.longrunning.Operation"
    },
    "resourceLocation": {
      "currentLocations": [
        "us-central1"
      ]
    }
  },
  "insertId": "sb1ge1e24glt",
  "resource": {
    "type": "audited_resource",
    "labels": {
      "service": "file.googleapis.com",
      "project_id": "testftl-4-6",
      "method": "google.cloud.filestore.v1beta1.CloudFilestoreManager.CreateBackup"
    }
  },
  "timestamp": "2024-06-05T02:23:38.819288447Z",
  "severity": "NOTICE",
  "logName": "projects/testftl-4-6/logs/cloudaudit.googleapis.com%2Factivity",
  "operation": {
    "id": "projects/testftl-4-6/locations/us-central1/operations/operation-1717554217924-61a1b410ab7d6-bf15a0e3-8e3a4516",
    "producer": "file.googleapis.com",
    "first": true
  },
  "receiveTimestamp": "2024-06-05T02:23:39.780482468Z"
}