{
  "protoPayload": {
    "@type": "type.googleapis.com/google.cloud.audit.AuditLog",
    "authenticationInfo": {
      "principalEmail": "zouruitao@ftl-cloud.com"
    },
    "requestMetadata": {
      "callerIp": "57.180.241.185",
      "callerSuppliedUserAgent": "Mozilla/5.0 (Windows NT 10.0; Win64; x64) AppleWebKit/537.36 (KHTML, like Gecko) Chrome/125.0.0.0 Safari/537.36,gzip(gfe),gzip(gfe)"
    },
    "serviceName": "compute.googleapis.com",
    "methodName": "beta.compute.instances.insert",
    "resourceName": "projects/testftl-4-6/zones/us-central1-a/instances/instance-20240604-ruitao",
    "request": {
      "@type": "type.googleapis.com/compute.instances.insert"
    }
  },
  "insertId": "-2rm9todntmw",
  "resource": {
    "type": "gce_instance",
    "labels": {
      "instance_id": "7552337673972811635",
      "project_id": "testftl-4-6",
      "zone": "us-central1-a"
    }
  },
  "timestamp": "2024-06-04T06:52:19.157243Z",
  "severity": "NOTICE",
  "labels": {
    "compute.googleapis.com/root_trigger_id": "c7041c87-1e3b-4056-a663-4d399922c771"
  },
  "logName": "projects/testftl-4-6/logs/cloudaudit.googleapis.com%2Factivity",
  "operation": {
    "id": "operation-1717483931689-61a0ae3a7e15d-1351466c-973c67c4",
    "producer": "compute.googleapis.com",
    "last": true
  },
  "receiveTimestamp": "2024-06-04T06:52:19.498556057Z"
}