{
  "protoPayload": {
    "@type": "type.googleapis.com/google.cloud.audit.AuditLog",
    "authenticationInfo": {
      "principalEmail": "chenzeming@ftl-cloud.com",
      "principalSubject": "user:chenzeming@ftl-cloud.com"
    },
    "requestMetadata": {
      "callerIp": "18.163.77.27",
      "callerSuppliedUserAgent": "Mozilla/5.0 (Windows NT 10.0; Win64; x64) AppleWebKit/537.36 (KHTML, like Gecko) Chrome/125.0.0.0 Safari/537.36,gzip(gfe),gzip(gfe)",
      "requestAttributes": {
        "time": "2024-06-05T03:56:48.614471624Z",
        "auth": {}
      },
      "destinationAttributes": {}
    },
    "serviceName": "artifactregistry.googleapis.com",
    "methodName": "google.devtools.artifactregistry.v1.ArtifactRegistry.CreateRepository",
    "authorizationInfo": [
      {
        "resource": "projects/testftl-5-7/locations/northamerica-northeast1",
        "permission": "artifactregistry.repositories.create",
        "granted": true,
        "resourceAttributes": {},
        "permissionType": "ADMIN_WRITE"
      }
    ],
    "resourceName": "projects/testftl-5-7/locations/northamerica-northeast1",
    "request": {
      "repository": {
        "format": "DOCKER",
        "dockerConfig": {
          "immutableTags": false
        },
        "cleanupPolicyDryRun": true
      },
      "repositoryId": "czm",
      "@type": "type.googleapis.com/google.devtools.artifactregistry.v1.CreateRepositoryRequest",
      "parent": "projects/testftl-5-7/locations/northamerica-northeast1"
    },
    "resourceLocation": {
      "currentLocations": [
        "northamerica-northeast1"
      ]
    }
  },
  "insertId": "efgntad1ust",
  "resource": {
    "type": "audited_resource",
    "labels": {
      "service": "artifactregistry.googleapis.com",
      "method": "google.devtools.artifactregistry.v1.ArtifactRegistry.CreateRepository",
      "project_id": "testftl-5-7"
    }
  },
  "timestamp": "2024-06-05T03:56:48.605247477Z",
  "severity": "NOTICE",
  "logName": "projects/testftl-5-7/logs/cloudaudit.googleapis.com%2Factivity",
  "operation": {
    "id": "projects/testftl-5-7/locations/northamerica-northeast1/operations/73948c11-088d-478b-8934-6a9b3f89ee28",
    "producer": "artifactregistry.googleapis.com",
    "first": true
  },
  "receiveTimestamp": "2024-06-05T03:56:48.980369957Z"
}